Loops,Steps,Time,AvgLoss,MeanReward,StdReward,TotalReward,Flags
1,2048,15.508421,-0.0278,0.0975,0.3168,199.65,0.0
2,4096,14.833084,1.0521,0.1000,0.3774,204.85,0.0
3,6144,14.849077,0.3113,0.1443,0.4237,295.62,0.0
4,8192,14.879597,0.6910,0.1560,0.4699,319.55,0.0
5,10240,15.029571,0.4004,0.1218,0.4252,249.45,0.0
6,12288,15.070365,0.3333,0.1058,0.3841,216.70,0.0
7,14336,14.834398,0.5340,0.1025,0.3679,209.82,0.0
